nose_x,nose_y,left_shoulder_x,left_shoulder_y,right_shoulder_x,right_shoulder_y,left_elbow_x,left_elbow_y,right_elbow_x,right_elbow_y,left_wrist_x,left_wrist_y,right_wrist_x,right_wrist_y,left_hip_x,left_hip_y,right_hip_x,right_hip_y,left_knee_x,left_knee_y,right_knee_x,right_knee_y,left_ankle_x,left_ankle_y,right_ankle_x,right_ankle_y
0.494543999,0.095814608,0.432946414,0.195105463,0.556994259,0.207623854,0.41377306,0.335471243,0.576650321,0.350446522,0.387993544,0.455825925,0.585921824,0.469282836,0.455785334,0.469537973,0.529708385,0.475904256,0.434738368,0.644386828,0.545766592,0.649369419,0.41026634,0.837421954,0.558863938,0.83428818
0.494300395,0.095585018,0.432771832,0.195067748,0.55680275,0.207557008,0.413737327,0.33541739,0.576608777,0.350207269,0.388129056,0.455510944,0.585571408,0.46937871,0.455666423,0.469287962,0.52955687,0.475557208,0.434682548,0.644157648,0.545788288,0.649249852,0.410055995,0.837398171,0.559092522,0.834782541
0.493872643,0.095439345,0.432569265,0.195014969,0.556488514,0.207493067,0.413634956,0.335331738,0.575467765,0.350039065,0.388595283,0.455441684,0.584728062,0.468907297,0.455492109,0.469266832,0.529203534,0.475666583,0.43446511,0.643860936,0.545465708,0.649529755,0.410499781,0.838996649,0.558758497,0.835098147
0.491795897,0.094776161,0.429786652,0.194988653,0.55532676,0.206111878,0.410877287,0.336244255,0.572978854,0.349655449,0.38846302,0.455427557,0.58401227,0.469011158,0.45187971,0.469231009,0.525948703,0.475635648,0.435238302,0.643779874,0.545087039,0.649157703,0.415792584,0.838630915,0.558332324,0.834322572
0.490528762,0.093586862,0.425127357,0.194991067,0.55231154,0.20541358,0.405549616,0.336690724,0.56882298,0.349623531,0.38636893,0.455389351,0.581175029,0.469057977,0.446816295,0.46941179,0.521182835,0.475647718,0.435220063,0.643901467,0.54325664,0.648026168,0.418028414,0.838889718,0.557871759,0.831467509
0.487332344,0.09304262,0.420385748,0.195027649,0.548502207,0.20451428,0.399658471,0.337603003,0.565732419,0.349177808,0.383278161,0.455475956,0.580219984,0.468809992,0.442129701,0.469147712,0.516911626,0.47460258,0.435041279,0.64295119,0.541623116,0.647376597,0.420984417,0.838443696,0.556490362,0.831301272
0.483206242,0.092791654,0.416484326,0.194847107,0.544068158,0.204047054,0.397717446,0.337521553,0.562494814,0.348855644,0.381045491,0.454912633,0.580362737,0.46697852,0.439557821,0.468619019,0.514986336,0.47321251,0.432667464,0.642077446,0.540879846,0.646240175,0.42367807,0.837207377,0.55603379,0.828349113
0.477228642,0.092201672,0.408575863,0.194921002,0.536965311,0.201992556,0.389140993,0.33772248,0.555915415,0.346035779,0.373861402,0.454272956,0.578982651,0.463645577,0.432942808,0.467683405,0.508665025,0.470387042,0.429651797,0.640540838,0.537091434,0.644165576,0.423170418,0.835216939,0.5537135,0.826238871
0.477232903,0.092419401,0.406649947,0.195110306,0.535148561,0.202479661,0.386770993,0.337952584,0.554472268,0.34724316,0.368827045,0.454633057,0.577899158,0.463020146,0.429053694,0.466388553,0.505109489,0.469260573,0.426398277,0.639503121,0.535337567,0.642234921,0.423350602,0.834539771,0.553626835,0.824066818
0.475883156,0.092489004,0.40473479,0.195216104,0.532566667,0.202483445,0.384717107,0.338911086,0.549859881,0.347496271,0.36527431,0.455077082,0.574827373,0.461499393,0.427422017,0.466179311,0.503131986,0.469435275,0.425030768,0.639155865,0.533281982,0.64195472,0.421680033,0.83439976,0.551301956,0.823986351
0.475311488,0.093223102,0.403399318,0.195408612,0.532335818,0.202801928,0.381922483,0.338299751,0.551240444,0.348387808,0.362055779,0.454019785,0.574102402,0.460662425,0.426583081,0.467037857,0.502653122,0.470237255,0.4236224,0.641266286,0.531402171,0.642280459,0.42132774,0.835992754,0.548675954,0.823342204
0.474741459,0.093537286,0.402873725,0.195398867,0.531983316,0.203108087,0.382294863,0.337070853,0.552123606,0.349009842,0.358929157,0.453563511,0.573493183,0.458977789,0.427894384,0.466835827,0.503754497,0.470596015,0.423816651,0.642349184,0.529119313,0.642356336,0.421010494,0.836704612,0.545038462,0.824971259
0.475022554,0.095006064,0.403591335,0.195383281,0.53397572,0.203240827,0.382545501,0.335436881,0.554364443,0.349161655,0.357216686,0.451309949,0.572999716,0.459096313,0.428921133,0.467347056,0.505347848,0.470810831,0.423976481,0.643281996,0.52948314,0.641919553,0.420267761,0.837593675,0.544491827,0.82436645
0.475256741,0.096484996,0.403717905,0.195413977,0.534458756,0.203244835,0.381636083,0.334453791,0.554614186,0.349119335,0.356968105,0.451010793,0.572746277,0.45850566,0.429211348,0.467328042,0.505783975,0.470622241,0.423830003,0.643526793,0.529863179,0.641586483,0.41979447,0.837705433,0.544229686,0.82430023
0.475337863,0.097391233,0.403876573,0.195444137,0.536568344,0.203252643,0.382405877,0.334150404,0.556802154,0.348858327,0.359324694,0.450582355,0.57362026,0.458676398,0.430873662,0.467307955,0.50828433,0.470560253,0.423933238,0.644691706,0.530472457,0.641480863,0.419320583,0.838957846,0.54410243,0.824052751
0.477740288,0.097798787,0.407032847,0.195372716,0.540969968,0.203567997,0.38441515,0.332953304,0.561931849,0.349767208,0.359676033,0.449607581,0.573733509,0.46070531,0.43309167,0.467670113,0.510593593,0.470585287,0.425651699,0.646517158,0.530535221,0.641467094,0.419654995,0.840016842,0.544078112,0.823485136
0.48116526,0.097951204,0.41053763,0.195165306,0.544170797,0.203619093,0.387837559,0.332495302,0.564170063,0.349765956,0.363854468,0.44968757,0.574607015,0.460820347,0.436419547,0.467643559,0.514033198,0.470587403,0.428510696,0.647497773,0.532174706,0.642311215,0.419793248,0.84219557,0.544056714,0.825880051
0.487353593,0.098558448,0.418505341,0.195022479,0.551675677,0.203471616,0.398243815,0.332674503,0.569994509,0.349429637,0.375697821,0.45001179,0.580933809,0.461929977,0.44508642,0.466736376,0.522617161,0.470010877,0.433469415,0.646249354,0.536453128,0.641709149,0.419614285,0.84137702,0.544673443,0.825764298
0.490570664,0.098428622,0.423556954,0.194546491,0.554231882,0.203186303,0.402649313,0.332776576,0.572894454,0.348217607,0.383646995,0.451255292,0.582465947,0.464218915,0.44965601,0.465269327,0.526893616,0.468795747,0.436472297,0.642357886,0.54066515,0.641418159,0.421614528,0.838279724,0.547461152,0.828828454
0.494858563,0.098292589,0.427944124,0.194259256,0.55771327,0.203184083,0.408419669,0.333384782,0.573725581,0.347360224,0.388924599,0.452533484,0.583190143,0.464668661,0.451938212,0.464492261,0.52867192,0.468791693,0.436856508,0.641137064,0.540891767,0.642421901,0.420512646,0.837290287,0.546861351,0.831459701
0.497567385,0.098239906,0.430723548,0.194155619,0.560531676,0.203127161,0.412817478,0.332429409,0.57754606,0.346410185,0.392844975,0.452815443,0.586827457,0.464208573,0.455204576,0.463908315,0.531203806,0.469194621,0.441459119,0.640540957,0.542758346,0.643568456,0.423888177,0.836255372,0.549147666,0.831661761
0.499715626,0.098450206,0.434638619,0.193890199,0.564056873,0.203514159,0.416548789,0.33211413,0.580326617,0.346597344,0.39668411,0.452164382,0.589560747,0.46514672,0.457001179,0.463890344,0.533633053,0.469891101,0.441603273,0.640575171,0.544879198,0.645451605,0.423894048,0.836316824,0.551438034,0.834364831
0.505971789,0.099340424,0.439977616,0.193571866,0.571198344,0.203936383,0.422566473,0.333348542,0.586624861,0.347705781,0.402232587,0.453538775,0.595407128,0.467887789,0.464598358,0.463636398,0.540806413,0.470748127,0.446125746,0.641252577,0.54815644,0.646728396,0.423865229,0.836829185,0.553374767,0.83449024
0.509985924,0.099687867,0.444221854,0.193453997,0.574020207,0.204982355,0.425286978,0.332825631,0.590152264,0.348629773,0.405988932,0.452620983,0.599012613,0.469073206,0.466812789,0.463362217,0.542768538,0.470378548,0.446624666,0.640629411,0.54771018,0.646715522,0.425618023,0.835001051,0.550088644,0.835755885
0.515544176,0.101202391,0.449398369,0.194207072,0.579129815,0.206295952,0.429977536,0.33362928,0.594576299,0.350388885,0.410071224,0.454829991,0.603248596,0.469296187,0.470960379,0.463907301,0.547062874,0.471413046,0.44947964,0.641071439,0.550071836,0.647437632,0.427358359,0.834721506,0.550169587,0.836212218
0.517761648,0.10227292,0.455051392,0.194317907,0.581645668,0.206896752,0.435512453,0.333610505,0.595764697,0.350450635,0.412957311,0.453659207,0.605080664,0.46885404,0.47391206,0.464040637,0.548384845,0.471667796,0.451874375,0.641775906,0.550620973,0.647844017,0.428828329,0.8347103,0.550097406,0.836473942
0.51822871,0.102714114,0.456586182,0.194354489,0.58393532,0.20667477,0.438093543,0.334248602,0.599106014,0.351101965,0.414141685,0.453612268,0.607249379,0.468444794,0.474629134,0.464528739,0.549109519,0.472306848,0.453124464,0.642322242,0.551175773,0.648498476,0.428720504,0.834740222,0.550245464,0.837058425
0.515954077,0.103117734,0.461279243,0.194257602,0.585944355,0.205984637,0.441950768,0.334273756,0.604618609,0.351089716,0.414702207,0.453256428,0.61251843,0.465653688,0.477948844,0.464029461,0.550841093,0.471717894,0.454353333,0.641194999,0.551457703,0.648489773,0.429910749,0.830182672,0.550492644,0.836974025
0.5146873,0.103393562,0.461982042,0.193872437,0.585912883,0.205345094,0.443019718,0.334426254,0.604854882,0.350444615,0.414860487,0.452684402,0.613359988,0.464238971,0.477612138,0.464196295,0.550582886,0.471745878,0.454631209,0.641686797,0.550909877,0.648949385,0.430015534,0.831487238,0.550618827,0.837281883
0.513287902,0.103783369,0.461196631,0.193731874,0.585884571,0.204560339,0.44208324,0.334502161,0.605359614,0.349555939,0.414818555,0.451861113,0.615022957,0.460808784,0.477499068,0.463537812,0.550256371,0.471260697,0.454579324,0.640753925,0.551209033,0.649648011,0.429150641,0.830183029,0.550990939,0.83871305
0.51130563,0.103788339,0.461199492,0.193896487,0.585307062,0.204060167,0.442034304,0.334979415,0.605280936,0.348658353,0.413677454,0.452523351,0.615039229,0.458332002,0.477656275,0.462164432,0.550098598,0.469753534,0.454537243,0.638710916,0.551568925,0.649354756,0.428618312,0.827609956,0.550719798,0.838079274
0.507499456,0.104098439,0.460610926,0.193830058,0.583538771,0.203577474,0.441076338,0.334751129,0.605068803,0.347485036,0.410342515,0.452149898,0.61577332,0.458568126,0.476339042,0.463751882,0.548167348,0.470797658,0.454744637,0.640426695,0.550641656,0.650421739,0.429139644,0.829178154,0.550773919,0.838406503
0.505659938,0.105797619,0.458732218,0.193944201,0.581282258,0.203323603,0.438521415,0.334229708,0.604144275,0.346452326,0.407295048,0.450701505,0.61586076,0.457915068,0.474354625,0.464618951,0.546184957,0.471317053,0.453570932,0.640918791,0.550467372,0.649934053,0.429251224,0.828900635,0.551484823,0.835928559
0.50495255,0.106537089,0.454152405,0.193846256,0.579174936,0.202687442,0.434471399,0.333481699,0.602696598,0.344782621,0.403671324,0.451060236,0.616964638,0.45729056,0.470890969,0.465432584,0.543846786,0.47199741,0.451853067,0.642337322,0.550183475,0.65099138,0.428532064,0.830847502,0.552351236,0.836818218
0.5027408,0.108098216,0.445639402,0.19484292,0.573192179,0.203148618,0.424203992,0.334299535,0.598447025,0.344897062,0.395701379,0.451887161,0.617677391,0.456315517,0.464202762,0.466057181,0.538810551,0.471375495,0.446495146,0.642409861,0.549129546,0.650502503,0.427206367,0.829948187,0.552500784,0.835810781
0.500016212,0.111114837,0.441159666,0.196423784,0.569405317,0.203257218,0.417795986,0.334490001,0.596424401,0.343581736,0.390118122,0.452345759,0.616513669,0.453432649,0.459759533,0.466123372,0.535164654,0.47053495,0.443287313,0.64190948,0.548183382,0.649366081,0.426089346,0.828418314,0.552656591,0.835312009
0.496548742,0.114788845,0.436664909,0.198558405,0.564895868,0.20327273,0.41400829,0.335349739,0.593050122,0.344257563,0.384535104,0.453043461,0.615527928,0.452764928,0.455854952,0.466328114,0.530830741,0.471213877,0.441915125,0.642677426,0.545151949,0.64985013,0.425010175,0.830240726,0.552428842,0.83522141
0.495670199,0.124423906,0.427967429,0.210896328,0.55918026,0.210304812,0.400461257,0.340811044,0.587153494,0.344474524,0.372485101,0.456582516,0.616011918,0.455004543,0.446441233,0.466834962,0.523434579,0.472236216,0.435083807,0.642849326,0.541593432,0.648101985,0.421499878,0.828958333,0.549614429,0.830612302
0.496973395,0.134830579,0.426249981,0.219520777,0.558461308,0.217750609,0.394623607,0.347301543,0.588321388,0.346735805,0.367436469,0.463917553,0.617857337,0.456813276,0.442701727,0.467302978,0.521078229,0.473125577,0.429346442,0.641979277,0.539500296,0.647779703,0.42099905,0.825857162,0.547194302,0.827367008
0.497938573,0.155228481,0.427291453,0.231871456,0.555785179,0.230334193,0.392844051,0.355277479,0.586369336,0.357525259,0.363057971,0.470489591,0.620312452,0.461245656,0.442836374,0.470278531,0.518891275,0.473404706,0.425807506,0.642098606,0.538105726,0.64749229,0.421147138,0.823476911,0.546966136,0.824581325
0.497874558,0.165415809,0.426371783,0.243400738,0.554693222,0.240358606,0.388211727,0.36461845,0.585186124,0.366752595,0.359112859,0.474652588,0.622550786,0.468106776,0.441200793,0.479469985,0.5172351,0.478660196,0.423567742,0.645795524,0.53810519,0.648272872,0.420977861,0.823784649,0.547081769,0.824437439
0.496826738,0.18996118,0.426369876,0.265745938,0.554436445,0.264149636,0.385744274,0.37991643,0.585665047,0.385595381,0.353148848,0.489109039,0.624301493,0.483601809,0.440760911,0.493600518,0.516353965,0.491375923,0.422859192,0.649918079,0.542809665,0.64978379,0.41972822,0.822482824,0.548156023,0.821902812
0.494963944,0.201927915,0.425086886,0.276736498,0.551056147,0.274129957,0.384184301,0.389805228,0.581442475,0.393440753,0.351487994,0.495503187,0.623525321,0.493708998,0.439669222,0.501264215,0.514502525,0.499135613,0.422759563,0.646556616,0.557666242,0.65066278,0.418984205,0.815202415,0.551888168,0.817063153
0.497533113,0.215007976,0.424843282,0.285458773,0.548942745,0.285688221,0.384271532,0.394149005,0.579536378,0.402225137,0.351253837,0.50267911,0.622320771,0.50451231,0.437213361,0.5011127,0.511666715,0.500281632,0.422915429,0.64562583,0.552891433,0.652796209,0.421296477,0.812175393,0.552118599,0.814796448
0.492812157,0.236013249,0.42716065,0.303295523,0.548198104,0.30462873,0.386880785,0.406969965,0.57988447,0.416590989,0.35131973,0.517101943,0.619561791,0.518998086,0.436500758,0.508870423,0.50994426,0.508354068,0.422330976,0.648934543,0.559175193,0.651185632,0.419593662,0.810523093,0.551061213,0.812020421
0.492461324,0.244629025,0.427386761,0.310887724,0.547572792,0.312565267,0.387479186,0.417028278,0.575418472,0.426263958,0.354302675,0.523241997,0.616581321,0.528871775,0.43615064,0.518619239,0.509189546,0.519425511,0.422528118,0.653412282,0.559097111,0.66074115,0.42218715,0.8113029,0.551934719,0.815378726
0.492477864,0.251362026,0.425982624,0.318947881,0.544488311,0.323702097,0.387929142,0.42464155,0.570062339,0.435250044,0.353860408,0.531831384,0.613824368,0.538400769,0.4355326,0.524072528,0.507463634,0.526546419,0.419896632,0.654148817,0.555141628,0.663824797,0.418901831,0.810466409,0.551594734,0.814428449
0.492279589,0.259734452,0.425965071,0.32509008,0.543293536,0.331689,0.387977898,0.432741523,0.568447471,0.445712358,0.357830137,0.540845573,0.611385405,0.549450696,0.435902804,0.531952202,0.507912159,0.534005761,0.421722323,0.655205369,0.557510734,0.664494455,0.421044946,0.810168684,0.550379634,0.812410474
0.492156953,0.283335418,0.424550325,0.349281132,0.542869568,0.353940547,0.384975791,0.455497921,0.570441127,0.468569696,0.361186594,0.565109074,0.608823717,0.578451037,0.433930129,0.557253838,0.50704205,0.557270527,0.425700337,0.663829982,0.559288621,0.665249467,0.420107782,0.809912026,0.546774328,0.81130439
0.492736012,0.317154735,0.423592538,0.383660287,0.542348504,0.384992719,0.380038887,0.492877811,0.570727468,0.496306568,0.366847962,0.598135412,0.606536329,0.602092087,0.432509184,0.584266245,0.507115901,0.584530532,0.42955783,0.660267234,0.566731572,0.657213151,0.423021734,0.809423149,0.545996428,0.813619792
0.493557334,0.328358203,0.423807085,0.392796278,0.54285264,0.394994617,0.379791051,0.500455499,0.571835041,0.504062653,0.367052555,0.605770469,0.607055783,0.609514713,0.43274194,0.591059268,0.507226765,0.592508614,0.426608026,0.658604145,0.564031005,0.658158958,0.42574203,0.808774889,0.545989871,0.81393683
0.49345696,0.335145056,0.42327407,0.398690194,0.541335046,0.399364978,0.379525632,0.503495991,0.571049392,0.507107556,0.366011113,0.610618234,0.606969237,0.61142689,0.431096494,0.592829466,0.505421877,0.593630135,0.427318454,0.664286971,0.564680934,0.666166127,0.425238878,0.812499523,0.544831097,0.816699564
0.492560327,0.34246099,0.422969401,0.402221709,0.541478992,0.403774947,0.377765805,0.505658031,0.570630431,0.510972381,0.364289314,0.611763239,0.605486989,0.614539146,0.431770742,0.591755152,0.506342113,0.593059242,0.42666766,0.657232523,0.563953638,0.660896301,0.42568323,0.812210381,0.544396102,0.816051245
0.49293226,0.347051382,0.422495693,0.406831384,0.541311324,0.407859415,0.376862139,0.510991514,0.570504367,0.51450479,0.363613069,0.618792415,0.60512054,0.618190646,0.4323183,0.595834613,0.507220387,0.596491754,0.425214529,0.657883525,0.560802639,0.659964085,0.425575942,0.815480471,0.545449317,0.816262722
0.493147969,0.35230124,0.423138916,0.409979343,0.542067707,0.412590206,0.377090126,0.514353931,0.571125746,0.518880546,0.363917649,0.621577561,0.605899096,0.622057974,0.434231907,0.598305881,0.509371281,0.59948051,0.424583077,0.662534833,0.560358405,0.661241472,0.428664029,0.811780989,0.545812607,0.814483821
0.491741151,0.355334789,0.423442572,0.41355744,0.540676355,0.416248858,0.376369148,0.51615423,0.570418656,0.521221459,0.362739801,0.621295512,0.606568336,0.623192072,0.43446362,0.596902132,0.508053482,0.598275304,0.42879048,0.664874017,0.562921345,0.661681056,0.427598834,0.810556829,0.545086443,0.816637218
0.491546631,0.356956959,0.42315501,0.415418893,0.540603042,0.417253941,0.376230419,0.518887877,0.570606112,0.523904979,0.362672329,0.622218311,0.607030332,0.626057744,0.434176087,0.598439991,0.508323848,0.599795043,0.432735026,0.662999272,0.566303611,0.659038961,0.428725421,0.808584154,0.546088159,0.816360414
0.491290271,0.35905382,0.42315948,0.419124871,0.539870977,0.422541708,0.376527935,0.523614943,0.569422305,0.528984964,0.36242193,0.626853168,0.607155323,0.62856102,0.434934705,0.601543546,0.507576764,0.604493797,0.433935732,0.663775444,0.565341234,0.659848273,0.429539204,0.807026803,0.545191646,0.816046774
0.490878165,0.360573411,0.423131257,0.421497971,0.54011023,0.424648792,0.376667589,0.526433945,0.570623875,0.52954185,0.361882746,0.629872799,0.6081689,0.627873719,0.437016129,0.605094314,0.508890927,0.609032452,0.433833957,0.666067302,0.56346494,0.663026631,0.430069655,0.805854023,0.544811547,0.816472471
0.491533369,0.365013957,0.422432661,0.422970414,0.540476203,0.425879508,0.376516521,0.525885224,0.572064936,0.530131996,0.361645639,0.632996857,0.609618068,0.629387498,0.435984462,0.604411304,0.508128524,0.607447386,0.431753218,0.663695991,0.561723828,0.661732733,0.429158717,0.805648267,0.544432938,0.815894842
0.492272496,0.369354814,0.422353953,0.427006483,0.540486276,0.431366622,0.375389755,0.529831767,0.572944045,0.534243524,0.360536605,0.63612771,0.611183047,0.630761266,0.436712712,0.606607616,0.508182943,0.610422254,0.431759983,0.663212836,0.56142658,0.662699163,0.429932594,0.804736435,0.543460965,0.815089822
0.491712809,0.371715277,0.422071159,0.429104745,0.540480673,0.432872057,0.374498546,0.531145453,0.574516416,0.535105109,0.359958768,0.638408422,0.611735404,0.631716549,0.435362637,0.60703963,0.507044077,0.610604882,0.43136546,0.664008379,0.561018467,0.665846586,0.42892614,0.805924714,0.543538511,0.816379488
0.492289752,0.373627394,0.422512859,0.431603402,0.541648567,0.433192432,0.374172002,0.533708096,0.578593314,0.536450148,0.360665143,0.640147507,0.613599181,0.632169425,0.438023597,0.610046744,0.508792758,0.611426711,0.431444526,0.66391921,0.56049794,0.662856579,0.429330945,0.808817029,0.544669569,0.817988336
0.493911058,0.37507695,0.423050642,0.432291478,0.540102661,0.434990406,0.37383315,0.531788468,0.576529443,0.53679055,0.360920608,0.638880968,0.613060713,0.631875098,0.438057303,0.609326184,0.507883191,0.610642076,0.431334913,0.664447546,0.558886707,0.666921496,0.428717822,0.807156682,0.544161141,0.816051841
0.493840903,0.376007557,0.423024833,0.433184743,0.540053606,0.434772938,0.373271555,0.533757389,0.575664222,0.537321687,0.360704899,0.639628649,0.6131441,0.632004857,0.438039243,0.610583782,0.507733941,0.611027241,0.432551831,0.664644361,0.558557153,0.665026248,0.429245025,0.807968497,0.543946862,0.816384375
0.494455189,0.37525329,0.422929615,0.433413088,0.539368868,0.434802622,0.372735053,0.533954084,0.576342404,0.53843689,0.360223144,0.64144659,0.612863123,0.633593023,0.438196719,0.611798227,0.507234991,0.611738324,0.43122676,0.664644361,0.557150602,0.667884529,0.428511441,0.806352317,0.543213904,0.816053152
0.494386882,0.375165194,0.422696859,0.434317857,0.539606869,0.436181068,0.372200936,0.535722315,0.575469911,0.540953994,0.359825045,0.641599715,0.612603426,0.63511163,0.437340438,0.613998115,0.507014632,0.614399254,0.428247571,0.664212823,0.557102859,0.667156398,0.428500533,0.805392325,0.542975664,0.816061199
0.49420321,0.375288814,0.422358543,0.43464765,0.539364874,0.436202466,0.372082323,0.536904454,0.574554265,0.541048408,0.359065592,0.642811537,0.612551749,0.635098696,0.436536252,0.613788724,0.505972743,0.614353597,0.428237647,0.661957026,0.557323575,0.663503945,0.42842713,0.805157661,0.542311609,0.81605655
0.494227707,0.375741452,0.422067165,0.435502023,0.539384305,0.437444985,0.37180236,0.538669348,0.574445069,0.542631567,0.358831376,0.644275665,0.612445951,0.635632753,0.43660301,0.614305675,0.505983055,0.615971625,0.428499907,0.65851891,0.557455599,0.658216655,0.428992659,0.805129886,0.542314529,0.816003323
0.494211853,0.37696296,0.422057211,0.435541064,0.539309084,0.439581543,0.371805638,0.538471282,0.574554682,0.544110298,0.358623236,0.644236624,0.612274289,0.636032045,0.436099052,0.614226341,0.505490065,0.616603136,0.427452952,0.656044424,0.558362722,0.657482982,0.42932117,0.804114342,0.542324424,0.815517664
0.494209766,0.377979368,0.422100127,0.43618682,0.540095508,0.440453976,0.371995628,0.539708972,0.574620128,0.545195401,0.358394951,0.645137429,0.612184167,0.636062026,0.436182737,0.614153445,0.505719423,0.617368877,0.426943094,0.656268537,0.559365273,0.655691683,0.430058539,0.80411458,0.542420506,0.814983904
0.494246095,0.378486454,0.422471225,0.437245756,0.540548682,0.442321658,0.373226345,0.540568769,0.574527085,0.547606766,0.358394712,0.646016657,0.612185538,0.637104928,0.436510623,0.614385843,0.505666196,0.618850887,0.42710948,0.657270074,0.55935812,0.656897783,0.430192202,0.804002047,0.542351246,0.814927638
0.494209826,0.378429443,0.422474086,0.438783318,0.5405581,0.442647904,0.373511702,0.542200625,0.57447654,0.547695994,0.358109295,0.648206651,0.612157583,0.637538195,0.436665893,0.615720272,0.505602181,0.62004298,0.428092629,0.657830417,0.558812499,0.657393873,0.430130512,0.803881407,0.542134225,0.81488508
0.494106829,0.378372312,0.422566861,0.439651251,0.540810049,0.44350028,0.373904973,0.543874741,0.574878991,0.550934196,0.358338863,0.649565041,0.612087548,0.63934201,0.436584502,0.618226767,0.505407512,0.622304618,0.428077042,0.659988344,0.559185266,0.657443821,0.430855483,0.80383724,0.542069376,0.814876616
0.493681878,0.377044588,0.42256856,0.440565139,0.540818334,0.444578409,0.374203265,0.546391428,0.574879885,0.553631246,0.35840553,0.651921332,0.611744523,0.641197741,0.436668783,0.620357692,0.504728079,0.625036836,0.42817843,0.660725415,0.558557987,0.65752542,0.431188107,0.803966403,0.541515589,0.815038145
0.493777633,0.376989186,0.423990279,0.441907704,0.541559815,0.44536978,0.37541002,0.547683179,0.574842155,0.553824365,0.358872712,0.652055204,0.611697197,0.642651021,0.438658774,0.622351348,0.504893184,0.626620531,0.427820802,0.659433007,0.554298162,0.656960547,0.431493014,0.805017769,0.540880263,0.81488198
0.493882954,0.377335817,0.424703687,0.44373697,0.542038739,0.446825594,0.375328988,0.549235344,0.575993061,0.555798411,0.360312134,0.654348791,0.611239612,0.646907628,0.438291848,0.624661028,0.504833817,0.627999961,0.429820955,0.666235209,0.554465771,0.660394192,0.432047755,0.805388331,0.540775239,0.814407706
0.494546533,0.377301037,0.425655127,0.444546402,0.542697847,0.447103888,0.376799464,0.550116897,0.575805664,0.555999696,0.361833274,0.655213833,0.611125469,0.647651136,0.439067125,0.625021577,0.504893363,0.628859758,0.431779712,0.664758146,0.553816676,0.660285532,0.43190378,0.805346847,0.54060626,0.814468026
0.495334655,0.377162933,0.425984472,0.444929659,0.543297291,0.447630465,0.377180725,0.551460683,0.575641394,0.556852877,0.362219661,0.657239318,0.610684633,0.647807479,0.439558625,0.62639451,0.505059838,0.631049693,0.430957437,0.663062394,0.553590655,0.660426736,0.431604147,0.805621445,0.539999962,0.814843535
0.496321321,0.377275139,0.426693976,0.44677332,0.543699086,0.448367834,0.377341837,0.553589642,0.575554013,0.558542013,0.362418532,0.659359753,0.610549033,0.649759769,0.440073103,0.628424406,0.505043387,0.631629884,0.43129316,0.665685236,0.55368942,0.661685586,0.43197608,0.806429267,0.539748847,0.815346897
0.495905399,0.378411591,0.426399678,0.448602259,0.543352604,0.450562865,0.377441019,0.555867851,0.575336337,0.561388254,0.362258911,0.661372662,0.609959126,0.651962101,0.440411568,0.63016355,0.505254149,0.633801818,0.432298571,0.665389895,0.554864705,0.661095023,0.433144301,0.806281924,0.540077686,0.815429688
0.496778697,0.380179882,0.426740021,0.450938731,0.543482423,0.453064084,0.379345208,0.559161067,0.574777484,0.563851297,0.362189859,0.663655937,0.609454632,0.653315425,0.440892309,0.632683814,0.505775213,0.636424303,0.432797253,0.662741125,0.556108594,0.659884095,0.434475183,0.80668366,0.540538967,0.815997541
0.495462179,0.385357052,0.427300662,0.45679912,0.542823374,0.456746131,0.379422814,0.562539458,0.576308191,0.568647325,0.362624794,0.669430614,0.609198749,0.658013284,0.440841079,0.635993063,0.504842222,0.637480497,0.432906419,0.668644011,0.555867672,0.666738033,0.432984591,0.807215929,0.541602314,0.817238927
0.495462537,0.386102498,0.427140027,0.457977384,0.542882204,0.457647294,0.379378945,0.563961029,0.57632798,0.569660842,0.362536192,0.670434594,0.609629273,0.6584391,0.441239983,0.638106346,0.505218029,0.639173925,0.43338719,0.669495761,0.556673825,0.668918967,0.432984382,0.807576716,0.54167217,0.817825258
0.4972139,0.389552444,0.427725881,0.459788412,0.543320775,0.458999962,0.379614621,0.566618264,0.576506019,0.571422875,0.362109035,0.672335029,0.608725429,0.663627028,0.442043215,0.640218854,0.506657004,0.641162336,0.432670414,0.666255772,0.556117892,0.664300442,0.433426142,0.811632633,0.541498184,0.818751454
0.498195529,0.3876926,0.428035736,0.458112746,0.543714285,0.457119703,0.380110919,0.563436985,0.575731039,0.568524063,0.361980587,0.670242548,0.611270428,0.659358621,0.441320837,0.634471476,0.504731834,0.636863649,0.435778737,0.670120835,0.555752218,0.664442182,0.432392091,0.80905813,0.539633572,0.816943169
0.498583645,0.386483312,0.428795904,0.456550956,0.544538438,0.457247555,0.380825728,0.562475145,0.575280905,0.567601144,0.361865163,0.668607235,0.610917509,0.657387555,0.442085803,0.631429017,0.506415963,0.634735823,0.433933586,0.664544582,0.556534231,0.663067043,0.433065265,0.807454348,0.540055692,0.816411555
0.498479128,0.386338085,0.428373605,0.455405474,0.54405421,0.456841439,0.379063815,0.561540067,0.575941503,0.567338705,0.360599965,0.668036878,0.610886931,0.656310856,0.441661686,0.633567333,0.505671144,0.636312604,0.43272227,0.661950111,0.554952443,0.660587907,0.433474123,0.807185471,0.540291488,0.816597164
0.499281615,0.386380523,0.428106844,0.455055654,0.54407835,0.456821442,0.378963053,0.56143856,0.576179266,0.567001104,0.360338509,0.66698128,0.61080575,0.655865252,0.441895336,0.634186983,0.505863845,0.637256324,0.431376457,0.657293797,0.55501765,0.657575011,0.433351278,0.806496978,0.540709615,0.816102564
0.498897314,0.385247976,0.427666128,0.454885244,0.543542087,0.457011878,0.378626138,0.560970366,0.575246572,0.567109227,0.359336913,0.666313529,0.610619783,0.656188607,0.440680236,0.634173512,0.504524231,0.637189686,0.431985974,0.662029386,0.553529978,0.660856426,0.433526397,0.807322085,0.540806711,0.817043304
0.498857677,0.385070056,0.428061336,0.454267293,0.543565691,0.456888795,0.37835595,0.559221745,0.575331867,0.567011595,0.357947201,0.663029432,0.610802114,0.655200779,0.440835923,0.632664382,0.504316449,0.636134386,0.429608464,0.661237359,0.552915275,0.65842694,0.43269217,0.807293773,0.540289164,0.815880537
0.498600274,0.38510263,0.428270072,0.452963829,0.543513596,0.455753177,0.377281517,0.554620743,0.576420486,0.564894319,0.355202049,0.655593693,0.61309886,0.652646005,0.44028765,0.631109297,0.503970861,0.635021806,0.427959323,0.662244737,0.550613523,0.660453439,0.430733621,0.808321178,0.539246798,0.815956771
0.498546094,0.385114878,0.427702367,0.451572835,0.543917596,0.454862744,0.373939812,0.550621033,0.578410625,0.562071025,0.352867305,0.651174903,0.615968227,0.649823964,0.438381463,0.628293574,0.503311336,0.632462263,0.428674668,0.666761696,0.549828887,0.663866639,0.429747224,0.809698403,0.539456427,0.816477835
0.498436064,0.383447915,0.427448213,0.449855357,0.544863582,0.455179244,0.372268438,0.549309492,0.57895571,0.56137079,0.350389212,0.648704827,0.619521499,0.648874223,0.440086335,0.626055777,0.504579008,0.633209705,0.429011077,0.660606205,0.550579607,0.662259221,0.429423988,0.808728456,0.539062023,0.819133818
0.497234046,0.38333568,0.427687436,0.448114663,0.545510948,0.452329397,0.368988842,0.544551373,0.581162095,0.556857407,0.343467414,0.643223643,0.624540567,0.642589331,0.440073609,0.622038662,0.504800618,0.62791115,0.42795369,0.662837446,0.549856901,0.665246487,0.427814364,0.807386875,0.539206684,0.820126951
0.495942056,0.380586922,0.426821262,0.445183754,0.54592073,0.450484365,0.369192719,0.543619275,0.581943572,0.555615246,0.341839939,0.643593848,0.62788105,0.640549779,0.440262437,0.621652067,0.504674077,0.62985605,0.426247835,0.654885173,0.549085319,0.660912573,0.428281248,0.804587007,0.53698504,0.820649683
0.495408654,0.378434777,0.425584406,0.44392091,0.546765506,0.447924554,0.367150158,0.543390691,0.583682179,0.553841293,0.339216024,0.642319202,0.6316275,0.640131652,0.440131545,0.618674636,0.505740404,0.627353072,0.427294075,0.651012838,0.551310718,0.660817027,0.428443789,0.804674864,0.538392067,0.821110487
0.495591372,0.374975085,0.426951438,0.440710664,0.54738611,0.443060845,0.367231816,0.539502263,0.58344692,0.54735744,0.337393492,0.635528088,0.631539762,0.632353604,0.439348489,0.613344193,0.505612195,0.620828927,0.42699039,0.64898926,0.552044988,0.656244338,0.428845167,0.803210914,0.538620651,0.819446445
0.496145964,0.369444758,0.426176995,0.437071294,0.547923207,0.436873913,0.367472798,0.536720514,0.583443105,0.541945577,0.341626078,0.63290143,0.628801823,0.62836659,0.439387888,0.610970378,0.50781697,0.615873396,0.425922304,0.653139591,0.55720526,0.65413475,0.429255992,0.807278395,0.541450739,0.819331229
0.495536894,0.364444911,0.427055746,0.432800502,0.547757626,0.432824999,0.370358109,0.535138726,0.581815422,0.540581107,0.343897253,0.628000379,0.626050949,0.623973131,0.439797729,0.608347058,0.509091496,0.612814128,0.428558916,0.652526557,0.559249997,0.650912464,0.430368721,0.806255758,0.544059575,0.81781739
0.496043414,0.359722912,0.427456945,0.427226067,0.54573065,0.427623332,0.37051475,0.529978335,0.579332173,0.536761582,0.345017493,0.625759304,0.622564852,0.620703399,0.438021451,0.605153918,0.506957412,0.608056247,0.428579986,0.655854523,0.559970617,0.652366936,0.429305613,0.80568862,0.544119,0.818037748
0.493276507,0.157314867,0.427593559,0.241939202,0.547921777,0.247636154,0.40626955,0.370497108,0.558072031,0.377471685,0.417740226,0.464967191,0.553615212,0.492796719,0.439437181,0.471715778,0.513991952,0.477323294,0.426625818,0.637713432,0.535188794,0.647258162,0.421631098,0.812029362,0.545146704,0.823015571
0.493503571,0.147480965,0.423972636,0.235102698,0.548739791,0.242193505,0.401666969,0.367601693,0.559972405,0.375881433,0.41421181,0.46383521,0.556675911,0.492287159,0.438323975,0.470353305,0.514812112,0.475867629,0.425771475,0.638606548,0.534792662,0.646763921,0.418080717,0.818120301,0.544277668,0.825813532
0.492458999,0.13457112,0.424312025,0.224980637,0.550695181,0.22935921,0.405205488,0.359189868,0.563774168,0.366041094,0.405597627,0.466244191,0.561814666,0.486033887,0.438088685,0.467207611,0.515135527,0.471979767,0.425606519,0.63665545,0.536602676,0.643832147,0.418322593,0.818193614,0.546603501,0.823386073
0.493174672,0.127326772,0.423556,0.220783427,0.550189734,0.221788332,0.404686868,0.356252521,0.563257575,0.359329104,0.403019667,0.462913871,0.565043211,0.479121298,0.438674241,0.468070924,0.515230834,0.471452177,0.427336395,0.640928447,0.537757099,0.643563509,0.418532312,0.824803293,0.546069324,0.823773742
0.493414193,0.12265978,0.424463034,0.215097293,0.553011656,0.216896877,0.404534966,0.349844038,0.567022502,0.356501967,0.395506203,0.460051954,0.568933725,0.476592898,0.439822227,0.465430588,0.51674217,0.46975708,0.427844882,0.639314294,0.537344277,0.644220531,0.417960048,0.825873017,0.544920325,0.826378405
0.49033764,0.112032361,0.426300943,0.204496846,0.554878414,0.211015373,0.408659339,0.342020601,0.572109342,0.354080528,0.391486466,0.451445788,0.57790941,0.469706744,0.443957627,0.464395911,0.519452572,0.469639838,0.429843336,0.643375337,0.536725879,0.644003928,0.418210238,0.830132902,0.545285463,0.827453375
0.49053207,0.107960105,0.426311344,0.201697186,0.555312037,0.208014682,0.408599555,0.338183463,0.574466169,0.351397783,0.388175666,0.447747141,0.582283258,0.462086678,0.445561856,0.463006198,0.521206915,0.467710644,0.433670491,0.642192423,0.538616419,0.643573999,0.419861734,0.827253342,0.546686649,0.828202128
0.4909392,0.103457734,0.426407456,0.197813764,0.555655122,0.205331892,0.407345384,0.335082769,0.577149451,0.349731088,0.382897705,0.445690095,0.587137818,0.455686033,0.447155833,0.46393925,0.522464335,0.467620552,0.434773386,0.644533336,0.538273394,0.642955363,0.418427557,0.831588387,0.546411335,0.827582777
0.48897019,0.098539293,0.426346272,0.194736004,0.555065215,0.203041479,0.406814128,0.332196951,0.577121258,0.347280562,0.379289716,0.445125192,0.589133382,0.452757806,0.449466467,0.463257074,0.524481714,0.466794997,0.437008023,0.643114865,0.540150642,0.643915594,0.421638399,0.830190837,0.548671782,0.829380453
0.489318013,0.096413881,0.424446344,0.194708213,0.554226696,0.20126231,0.405638844,0.334459811,0.576483607,0.345306933,0.377254337,0.449238598,0.590768397,0.450409412,0.449930429,0.464906245,0.525411308,0.467627406,0.437963545,0.644554317,0.539221823,0.643303037,0.422114015,0.834392011,0.547527552,0.830600202
0.49231869,0.096518822,0.424405605,0.195559204,0.55465579,0.200090617,0.405276537,0.332988471,0.576856136,0.343006462,0.376628578,0.448054969,0.592761397,0.45206669,0.450205356,0.464493901,0.52586484,0.466059417,0.439539731,0.642317891,0.539187074,0.640789866,0.423169523,0.833038747,0.545592308,0.827883303
0.493123263,0.095018156,0.424479455,0.194107398,0.556315005,0.199388385,0.40569523,0.33143875,0.578980982,0.343408257,0.37563473,0.448663116,0.595306873,0.451824874,0.450978935,0.464191169,0.527334809,0.465758801,0.440771222,0.641084373,0.539947391,0.640709281,0.424048662,0.832473218,0.545803726,0.828955472
0.493166924,0.094063893,0.424543023,0.19402197,0.555925012,0.198884487,0.40410471,0.330943048,0.578979731,0.343089968,0.37338233,0.447634727,0.596455395,0.449376345,0.451064408,0.464090377,0.526862979,0.465682954,0.441080034,0.640082657,0.53864485,0.640975893,0.42489475,0.831596911,0.544169903,0.829581976
0.492997736,0.093511701,0.425157249,0.194733217,0.556084454,0.199006453,0.404638112,0.332554877,0.579328835,0.343567044,0.372277826,0.446974397,0.598195255,0.448170453,0.451421022,0.464311838,0.527120292,0.466028363,0.440671057,0.640199602,0.538778126,0.641341031,0.425083905,0.831109226,0.54418087,0.828836262
0.49152717,0.092923269,0.426094055,0.193847865,0.556534588,0.198202774,0.405433655,0.332542151,0.581012428,0.343097627,0.37240994,0.446008712,0.599720776,0.447314113,0.452404886,0.463763297,0.528088391,0.465833455,0.44050619,0.639237642,0.539303005,0.641565144,0.425178647,0.82939285,0.544860601,0.829523921
0.491947114,0.092447303,0.425281227,0.19385846,0.557802856,0.197339237,0.403570682,0.333358556,0.583830178,0.342172235,0.371096224,0.445363939,0.602236509,0.445093721,0.452879459,0.46401903,0.529420674,0.465633512,0.441470623,0.640320063,0.541078568,0.641975224,0.425156146,0.830530763,0.545961082,0.830544293
0.492567837,0.09262751,0.426010549,0.193289861,0.558638692,0.196815208,0.403102905,0.332119137,0.585728586,0.339810312,0.37207073,0.440153986,0.605656862,0.441267908,0.452319503,0.463732094,0.528860152,0.464688838,0.441553026,0.642237902,0.539761603,0.641648054,0.423567951,0.835778475,0.544723451,0.831062853
0.491359621,0.092309579,0.426870704,0.192386284,0.56006664,0.195004389,0.402108818,0.330208421,0.588438153,0.337446094,0.372384578,0.432641506,0.606158137,0.437531859,0.453780413,0.463229537,0.530185342,0.463556349,0.443059206,0.641170561,0.541329443,0.642321408,0.425835222,0.832552493,0.546181381,0.83266294
0.491781712,0.092586793,0.426842183,0.191752076,0.561323881,0.193988234,0.401358515,0.325454384,0.592012763,0.331311852,0.373846233,0.422499806,0.612415075,0.429418266,0.453419924,0.462453485,0.529984415,0.462573409,0.444094598,0.642783225,0.541206181,0.642710567,0.426787496,0.83569628,0.545849919,0.83348453
0.491875291,0.09282849,0.426154554,0.191768795,0.561474383,0.193735927,0.390429795,0.3171812,0.602525651,0.318259895,0.372999161,0.392818719,0.616494596,0.397105783,0.453589737,0.463011503,0.53006804,0.462340444,0.444048941,0.643079281,0.541498065,0.642719686,0.426931918,0.833978951,0.544808984,0.833128035
0.491968095,0.093213767,0.425823301,0.193136781,0.561285794,0.193796709,0.378846407,0.316179097,0.606478453,0.313342303,0.375929743,0.374560505,0.616559923,0.373435438,0.45414862,0.465093136,0.529785156,0.462402791,0.445525438,0.644403219,0.542282164,0.642080665,0.428915262,0.835853755,0.544564605,0.831753194
0.487280488,0.342600167,0.430147856,0.403948963,0.530776918,0.40995419,0.379712731,0.486370444,0.571945846,0.492076933,0.357964009,0.522354305,0.622510731,0.549330235,0.435611397,0.586469769,0.496720374,0.589927495,0.431731343,0.669070899,0.559640467,0.657703817,0.421273053,0.805733085,0.540210664,0.807184577
0.487153828,0.343716443,0.429166466,0.404332489,0.531804383,0.412276238,0.377577752,0.488432795,0.57256335,0.495965123,0.354796439,0.534874201,0.62449944,0.56177932,0.435192496,0.588209927,0.497223794,0.592204928,0.428624541,0.670798242,0.55913341,0.658643723,0.421548247,0.804011226,0.541931748,0.806795716
0.489065558,0.34387812,0.427774101,0.406734616,0.535035729,0.415256619,0.375479728,0.496172905,0.570900142,0.496327788,0.351218343,0.559629381,0.62157172,0.577088296,0.435051978,0.590758085,0.49908784,0.594444454,0.429642648,0.67229408,0.561006248,0.657367289,0.422947049,0.806929708,0.540497482,0.809557319
0.488408029,0.344880611,0.426102519,0.40986076,0.534840703,0.415727139,0.374083638,0.504748464,0.565788746,0.519326448,0.348220229,0.586185217,0.614152372,0.600393832,0.434414417,0.595116377,0.499147326,0.599102676,0.434290051,0.668929517,0.562195361,0.654662013,0.426237702,0.80745095,0.542998075,0.810717225
0.487983137,0.346133798,0.425543517,0.414085895,0.534326911,0.422520548,0.373853296,0.516456604,0.562033474,0.527172387,0.35246709,0.596261799,0.60693717,0.612814307,0.433582991,0.601576865,0.498356521,0.60453099,0.433579654,0.670009315,0.560749233,0.655296624,0.427026182,0.807257891,0.542649448,0.810855091
0.4893727,0.351205111,0.423642278,0.419360071,0.538143337,0.423875362,0.371174067,0.522100568,0.565947473,0.533038378,0.352348596,0.608388066,0.606817722,0.623946071,0.433564901,0.606966257,0.500888467,0.609186053,0.429030657,0.663884103,0.55513078,0.657380581,0.425975591,0.807923257,0.540854216,0.813359141
0.491723269,0.355280161,0.423894942,0.422893554,0.53947258,0.428256631,0.371333331,0.526747406,0.56719166,0.539995313,0.353208601,0.620520949,0.603377998,0.635504544,0.43448326,0.609875858,0.502400696,0.613149583,0.423874885,0.660013676,0.552270412,0.657292664,0.425724775,0.80775255,0.539605021,0.812687337
0.489378214,0.358841389,0.421497285,0.427006721,0.539581239,0.43202585,0.375183254,0.533337057,0.56722039,0.546973646,0.358598083,0.636226416,0.594308317,0.64825654,0.432838947,0.618548274,0.500303745,0.624537528,0.426985711,0.663565814,0.552062154,0.661228299,0.42817831,0.807247698,0.539045453,0.813635767
0.501441538,0.377890289,0.427675366,0.438595414,0.547091663,0.445746869,0.382516921,0.535949409,0.5747329,0.561408997,0.364854038,0.653503478,0.589173019,0.672712386,0.439122468,0.618527412,0.505895078,0.622943699,0.435595751,0.673859715,0.555556417,0.673054457,0.430897236,0.800609767,0.537582874,0.812128961
0.502726555,0.373486727,0.428297371,0.431943566,0.54881376,0.436950684,0.380970448,0.531420231,0.576622784,0.554694653,0.364893317,0.647359967,0.589229167,0.667683899,0.437705696,0.607918143,0.507368267,0.612537742,0.431244403,0.671963274,0.555115223,0.665761292,0.431270599,0.802046716,0.539135695,0.808289289
0.50476104,0.364958078,0.428261071,0.425935209,0.547940612,0.433120519,0.379682153,0.525545418,0.573981941,0.549656391,0.364994377,0.637159646,0.588221312,0.661113262,0.437113553,0.603793919,0.506723166,0.610751569,0.435638577,0.660816431,0.556387842,0.65760684,0.431677222,0.803030491,0.541856229,0.808129549
0.505969226,0.361454844,0.429665536,0.420852214,0.547238469,0.428765327,0.380043328,0.519645095,0.572958589,0.544091761,0.365093529,0.632733762,0.588556528,0.655795336,0.435870558,0.598536611,0.506046951,0.604348123,0.436973661,0.660817862,0.559213281,0.657024264,0.43118003,0.804463327,0.543890774,0.809665382
0.517523408,0.313901037,0.437822461,0.365629762,0.545310795,0.380004019,0.387540519,0.462127805,0.559828818,0.500124633,0.37183848,0.576891303,0.580251157,0.609588385,0.413810283,0.558217049,0.480684072,0.568663239,0.432193488,0.663923502,0.54035449,0.657970309,0.427323133,0.803293943,0.537493765,0.814299345
0.608811617,0.136343092,0.522076488,0.218329728,0.613408864,0.215909824,0.483737648,0.357793242,0.662510395,0.358092964,0.503424644,0.459855497,0.733083189,0.408399403,0.545958757,0.50040257,0.584073126,0.493829012,0.608078539,0.649904311,0.551954269,0.682165742,0.632990599,0.813176215,0.49994114,0.84460181
0.606452107,0.133735359,0.521257401,0.218356714,0.614410579,0.215768486,0.482653528,0.358085871,0.663479507,0.359524608,0.50006789,0.462187707,0.734115422,0.414056152,0.544647992,0.497836113,0.58433485,0.492084175,0.608168244,0.647129238,0.553122878,0.680179834,0.632251859,0.812409043,0.499992549,0.844808519
0.605476081,0.132720903,0.519509435,0.218633711,0.614154577,0.216161638,0.47902596,0.357700765,0.665111244,0.361036092,0.492601812,0.462563068,0.734695554,0.422310591,0.541755259,0.497555047,0.581997693,0.493117809,0.606683433,0.6471017,0.551715612,0.681758285,0.631915271,0.813621283,0.498339683,0.846486747
0.604830146,0.130441383,0.518181682,0.217148706,0.611381292,0.215350986,0.476752877,0.355395675,0.663828254,0.361233979,0.489216775,0.462769419,0.732576787,0.430197507,0.540622771,0.49423483,0.579423308,0.492056519,0.605872691,0.643606663,0.550201058,0.682733953,0.630610704,0.811262369,0.497346818,0.847408473
0.604136884,0.130410224,0.517145216,0.217413947,0.609291494,0.215557784,0.475048959,0.356078118,0.663422942,0.365825355,0.484753668,0.462974072,0.731543541,0.43737793,0.539731622,0.495322138,0.577891707,0.49274683,0.604583561,0.64530164,0.549138784,0.684401095,0.630282402,0.812212646,0.496471643,0.848689795
0.602977693,0.130451143,0.516444504,0.217613235,0.605844557,0.215640724,0.473272741,0.356174469,0.661013484,0.367205471,0.481634676,0.463979274,0.72841537,0.442852855,0.539775014,0.496063441,0.575786531,0.493365109,0.604897082,0.64563632,0.549270988,0.684955418,0.629343808,0.81181109,0.494726092,0.848431587
0.602012515,0.130612373,0.514182806,0.2176667,0.603305638,0.215932488,0.470547199,0.356210381,0.658670366,0.369731337,0.478662759,0.466168463,0.723341942,0.449904591,0.53883034,0.49679631,0.574424386,0.495492607,0.604051292,0.64560926,0.547678709,0.685079515,0.628247499,0.810818672,0.494293511,0.848052263
0.601163685,0.132875472,0.506552994,0.215536788,0.59791714,0.215866879,0.460609317,0.353339523,0.652081132,0.36977151,0.471768349,0.46603784,0.712235451,0.459777236,0.535533726,0.496607661,0.570898414,0.495460749,0.60295862,0.645163774,0.541883647,0.685085356,0.628263295,0.80901587,0.492082804,0.848024964
0.600774109,0.132818148,0.504630208,0.214299381,0.594190776,0.215747476,0.45758906,0.352449328,0.648515999,0.370099068,0.4683761,0.465499461,0.7059111,0.464379042,0.535104752,0.496886432,0.568305433,0.495968819,0.602352023,0.644529641,0.539389014,0.685014486,0.628391206,0.808642328,0.49391976,0.847428739
0.599692285,0.132380411,0.503377378,0.213826701,0.592531502,0.215448871,0.455753773,0.351679534,0.646182954,0.371892989,0.466042608,0.46555534,0.701054156,0.471694618,0.53426677,0.498433381,0.567752004,0.498327404,0.600805223,0.645689309,0.538094759,0.687624335,0.627407193,0.807931125,0.493500471,0.848407209
0.597203195,0.131450981,0.494077981,0.210377991,0.591102839,0.215311423,0.447403342,0.348832101,0.639359534,0.372247398,0.458726585,0.465487331,0.688834369,0.483739823,0.522204399,0.496793538,0.561109483,0.496324956,0.592027247,0.644139051,0.536253572,0.686140597,0.624215007,0.807789624,0.496845245,0.852609396
0.59470892,0.131440639,0.48580268,0.206124395,0.589695632,0.215068355,0.439920962,0.342646331,0.632903874,0.373003006,0.453417301,0.465109795,0.679254591,0.486676872,0.515106201,0.495933354,0.558353543,0.495885283,0.587007761,0.641622663,0.538209617,0.685462713,0.624177217,0.804195821,0.498794168,0.854143739
0.592422366,0.130584404,0.483462214,0.204405621,0.585721731,0.214966416,0.434945285,0.341777742,0.62781173,0.3753829,0.446526796,0.464423001,0.670387149,0.492301643,0.51186204,0.494548053,0.553499818,0.495548248,0.581920505,0.63413161,0.536133945,0.684834242,0.617815852,0.796599627,0.498143017,0.854337752
0.592125475,0.128042117,0.482224315,0.201857388,0.584017754,0.214415982,0.433698714,0.340754032,0.621527135,0.376258433,0.441276908,0.463093758,0.65920186,0.494275153,0.508262396,0.49439019,0.549082816,0.493469894,0.576884806,0.630559862,0.534055293,0.681335628,0.612641096,0.795725584,0.497394562,0.855321765
0.589738548,0.126374125,0.479649991,0.199975505,0.581638455,0.214007735,0.431493551,0.338673085,0.615775943,0.376211345,0.437906444,0.462108791,0.652449071,0.496907681,0.505183995,0.493973017,0.546016753,0.493404299,0.572674453,0.630151629,0.533193231,0.681672156,0.607505441,0.795599222,0.496300578,0.859259129
0.585856795,0.12509267,0.477513075,0.198306128,0.581141055,0.213827163,0.42967245,0.334867954,0.611964226,0.37477693,0.435474247,0.461375535,0.646816492,0.500165582,0.504359722,0.493017226,0.545799553,0.493186891,0.570914924,0.628183007,0.532423615,0.682786942,0.600082815,0.794657171,0.495669574,0.857060134
0.574660718,0.119912282,0.471216977,0.195019186,0.573717535,0.212958395,0.423352987,0.32748425,0.595316589,0.372690469,0.431265861,0.452256054,0.620484352,0.50352639,0.497923076,0.483734429,0.541928887,0.489827394,0.548276901,0.623500466,0.527543545,0.680006802,0.56299895,0.790462494,0.494291812,0.858542979
0.572112679,0.118872449,0.469906867,0.193371564,0.571410596,0.211522564,0.422254205,0.322066337,0.590794444,0.372557461,0.429582417,0.452140659,0.613190472,0.500169873,0.495758355,0.479388863,0.539072335,0.485355794,0.541260898,0.62221837,0.525056422,0.677402079,0.549259782,0.790758073,0.492867708,0.857320964
0.568477988,0.118323438,0.466198176,0.192074135,0.567369998,0.20956783,0.420312494,0.321230561,0.585930049,0.370571822,0.426613927,0.44847095,0.604770303,0.496827841,0.490478188,0.476638019,0.534268379,0.48242709,0.526296675,0.630329609,0.521394908,0.672783911,0.5253281,0.804982364,0.491445422,0.852619052
0.567035377,0.117700197,0.460416198,0.188126385,0.558801115,0.206595615,0.425374657,0.319598854,0.563185155,0.361552,0.42824614,0.44652015,0.583899081,0.496335924,0.476329654,0.473620087,0.528300524,0.48193723,0.473818749,0.628114104,0.518497527,0.675351679,0.435169995,0.790212572,0.49401319,0.85508734
0.502460539,0.108589254,0.411155909,0.193496197,0.540663838,0.215802044,0.387065351,0.338511914,0.546107113,0.361935824,0.400245726,0.437447965,0.55299902,0.49948284,0.417966634,0.473468721,0.497159809,0.484376907,0.400275648,0.645694852,0.533376515,0.667749166,0.367715031,0.835935295,0.55601424,0.861060381
0.503209054,0.109285817,0.412952989,0.197690591,0.547638655,0.214935362,0.384322733,0.34141317,0.553282738,0.360148847,0.392533004,0.445565104,0.567174613,0.491827339,0.418278962,0.473743886,0.505975366,0.484369248,0.405595809,0.644674897,0.538875818,0.669601619,0.374089032,0.837842047,0.556085348,0.866222799
0.503295541,0.108535163,0.417168617,0.199752644,0.557087719,0.213372663,0.384729832,0.340007275,0.565362513,0.354456991,0.39206934,0.44587341,0.578873456,0.487214327,0.427636772,0.471923798,0.512613773,0.481822461,0.413066596,0.645211756,0.54164499,0.669341028,0.377114892,0.842290342,0.554614425,0.865770042
0.503313124,0.106184386,0.428560317,0.198746413,0.56935817,0.210353673,0.396905541,0.339972466,0.585487425,0.354879975,0.390720904,0.446023524,0.598458827,0.482131839,0.441596776,0.471555173,0.525477052,0.481946975,0.423373729,0.64675796,0.550672829,0.669866264,0.392572433,0.847151875,0.555458546,0.866686583
0.502847254,0.101961344,0.436417043,0.194891557,0.574870467,0.205809861,0.409030259,0.337533742,0.592164159,0.353490025,0.389147818,0.445420772,0.60818702,0.475860745,0.450577021,0.472166389,0.531828701,0.482706368,0.430510014,0.651826799,0.548359752,0.670321822,0.404241621,0.847813368,0.55413425,0.868460119
0.499519229,0.100431547,0.441921115,0.190355688,0.576520085,0.201628625,0.417571753,0.335612506,0.599161923,0.352245003,0.39022091,0.445796669,0.615604579,0.472445965,0.45815134,0.472732544,0.536735058,0.482842922,0.437802345,0.657118261,0.548635483,0.670933902,0.412354797,0.853018224,0.557093203,0.870824218
0.493842751,0.101639874,0.446576476,0.187440708,0.576791883,0.200135231,0.424259871,0.336521924,0.603918076,0.351619989,0.391636193,0.446588874,0.621783853,0.469562352,0.468071342,0.47473231,0.542825103,0.483032256,0.445231318,0.658963084,0.550730646,0.675004542,0.421573967,0.854835391,0.561000109,0.876934588
0.489405662,0.104657665,0.457335144,0.188250244,0.578330219,0.200271115,0.430972993,0.336212665,0.610013187,0.349375576,0.39134109,0.448154837,0.627245784,0.46889326,0.483687311,0.477716714,0.549888015,0.486091763,0.456522942,0.655617535,0.553637803,0.681310594,0.422630072,0.851390898,0.561364591,0.883879066
0.489901334,0.10697414,0.462360173,0.192699775,0.581197321,0.202615127,0.436595619,0.343391776,0.610689759,0.350994676,0.39415133,0.452204913,0.627466857,0.469114751,0.492504269,0.483733654,0.555364549,0.49205327,0.460639119,0.656700015,0.555300117,0.685768068,0.420454383,0.84969449,0.561989486,0.885036111
0.490587413,0.108545661,0.467795402,0.193757996,0.582652867,0.205098942,0.441510171,0.349249363,0.610910714,0.353816807,0.396690696,0.456381351,0.62636292,0.472265631,0.498610854,0.487599373,0.563710272,0.495430827,0.465666801,0.659170687,0.560015678,0.688770235,0.419731855,0.850070238,0.566845298,0.886392176
0.489188224,0.114244387,0.472087502,0.200456843,0.58365202,0.205809087,0.446536303,0.359320521,0.611033738,0.354174465,0.400692314,0.470412225,0.622996867,0.475599378,0.501268804,0.497178167,0.568450391,0.50192374,0.46347326,0.664143026,0.566748261,0.689178407,0.418106228,0.850744247,0.577152014,0.884320974
0.48940748,0.117323607,0.476376295,0.205134109,0.583491325,0.208899289,0.449965566,0.366797417,0.609396398,0.358893216,0.404451966,0.479382843,0.618347049,0.479422241,0.501911461,0.500363111,0.566216409,0.505218208,0.464776069,0.667940974,0.570394516,0.688744724,0.419169128,0.853068531,0.588883758,0.875913262
0.487983197,0.122443125,0.484554738,0.20361118,0.583914161,0.210652977,0.456855744,0.364776462,0.607783616,0.360228062,0.408168763,0.482250333,0.612920582,0.483139783,0.508514702,0.495850354,0.568063557,0.503730595,0.469223052,0.665292144,0.573144197,0.687292814,0.420670062,0.851700306,0.595834792,0.872131526
0.485756934,0.125087023,0.491547406,0.203595668,0.583945274,0.209368005,0.463437617,0.367688954,0.605108082,0.360329866,0.411076695,0.485056281,0.612681985,0.483829021,0.511012852,0.49622494,0.567219317,0.502423108,0.471020818,0.669256091,0.573229373,0.685542822,0.423838824,0.854628742,0.59868896,0.867108166
0.444369525,0.141715959,0.460412621,0.208100423,0.552797019,0.208574057,0.45143649,0.372275263,0.579766512,0.350681841,0.418049455,0.508765399,0.582237601,0.477269292,0.493338645,0.492648125,0.55129832,0.49714765,0.437361866,0.674511254,0.574665248,0.679696441,0.401919425,0.864605367,0.617030144,0.857890606
0.446863562,0.141725436,0.458467245,0.208093405,0.556419432,0.20882228,0.450273901,0.372014552,0.587518752,0.352310777,0.419356644,0.504602909,0.592140913,0.485849649,0.49244386,0.492470294,0.55205065,0.497759521,0.435689807,0.674343526,0.574835241,0.678946793,0.403277993,0.86521095,0.617498159,0.856267631
0.447527647,0.141753897,0.458610535,0.208244488,0.558059871,0.209031582,0.450285614,0.371559858,0.58997798,0.354365557,0.420921892,0.503358185,0.595611513,0.489731312,0.491467118,0.492637902,0.552516878,0.498069614,0.433595538,0.674407661,0.574388921,0.677912772,0.403989971,0.867144287,0.618990362,0.854699075
0.449208111,0.14180626,0.458914965,0.209399924,0.560704529,0.209637985,0.452753633,0.372842908,0.592010915,0.356722057,0.425152957,0.502544641,0.596879959,0.491578072,0.49156183,0.494474977,0.554124892,0.499334723,0.432437956,0.674848974,0.573526442,0.677566588,0.403443366,0.867542565,0.617541969,0.853332222
0.45043084,0.142655492,0.463480771,0.209795892,0.562491894,0.209679976,0.456295133,0.373131841,0.59302634,0.357480675,0.426602423,0.502561092,0.598554909,0.493085295,0.49196142,0.494338512,0.554699004,0.498864412,0.432426125,0.674741805,0.572657406,0.677119374,0.40334937,0.866622448,0.616085827,0.852485836
0.451280117,0.143579006,0.46905908,0.210143223,0.563944638,0.209786639,0.45998466,0.37293759,0.594551384,0.358091503,0.42861253,0.502700508,0.598350823,0.493210822,0.492898583,0.494158089,0.555140138,0.49836719,0.430953294,0.673966706,0.572281182,0.676999807,0.403817266,0.865162909,0.616026759,0.852337301
0.451762944,0.14549388,0.473642498,0.211764261,0.563945055,0.209769547,0.463737994,0.374335974,0.593639314,0.358505547,0.430229425,0.50268662,0.596521199,0.493366808,0.495318145,0.494401246,0.554965436,0.497988194,0.430713534,0.673526466,0.572214007,0.676898599,0.40431121,0.864452422,0.615766585,0.851414084
0.451760083,0.147145972,0.476152688,0.213012353,0.563177109,0.209718063,0.465436399,0.375278473,0.592334569,0.357992649,0.432472646,0.505065441,0.595805228,0.492508143,0.495399296,0.494270623,0.554238796,0.49786523,0.430314988,0.673696637,0.571059465,0.67675364,0.404309988,0.864206076,0.614717841,0.851155579
0.451739758,0.147985026,0.479464322,0.213003576,0.562168777,0.209943056,0.469758749,0.374912888,0.589928031,0.359331101,0.435637861,0.50700587,0.59341681,0.492328465,0.496423006,0.495691419,0.552128911,0.498068154,0.42937535,0.672481239,0.569401801,0.675697684,0.405231774,0.862667561,0.613911867,0.847795308
0.386826545,0.135760173,0.467152596,0.201652005,0.424355924,0.201961383,0.514821887,0.342439413,0.39153704,0.34826836,0.556102514,0.464830697,0.323073,0.425452501,0.458022892,0.482107013,0.42868498,0.474498093,0.467058033,0.686674893,0.38887164,0.633462727,0.520005822,0.847142816,0.39121154,0.799435854
0.385890663,0.132869199,0.465724379,0.199981242,0.421661794,0.202091247,0.513823032,0.34212935,0.38970083,0.348344654,0.556155264,0.464805752,0.3213301,0.422505587,0.458057821,0.480867475,0.428604186,0.473958135,0.468248755,0.686376154,0.388780802,0.63328743,0.521438539,0.846902728,0.387737423,0.798766196
0.391276807,0.141915008,0.421751142,0.209880874,0.485988289,0.207164422,0.371126741,0.334540218,0.533847749,0.358096808,0.297549307,0.392332882,0.559125185,0.472103268,0.430827826,0.495432049,0.451978475,0.489244998,0.445585519,0.692022562,0.398246229,0.647642314,0.516812921,0.847411394,0.37834093,0.815476954
0.391472459,0.141919255,0.420044392,0.210094362,0.486411035,0.206939995,0.369148374,0.332915336,0.534581244,0.35762462,0.295726925,0.387946546,0.561202288,0.471807957,0.429176062,0.495736241,0.45204246,0.48975879,0.445076644,0.692380428,0.400390387,0.647509754,0.515441,0.847411454,0.383627683,0.814264059
0.390791237,0.142040774,0.420485169,0.210060164,0.486740202,0.2072514,0.370319515,0.329639375,0.535169899,0.357545823,0.296325326,0.385717362,0.56142962,0.471767664,0.42930904,0.495729208,0.451751202,0.489309072,0.443461806,0.692586243,0.400403887,0.647646904,0.515844047,0.846181571,0.38346222,0.814674556
0.385086805,0.141206786,0.431235969,0.207249433,0.46996811,0.207746729,0.407811761,0.327792346,0.506643534,0.349317312,0.370933861,0.41509378,0.519727349,0.465300471,0.433469355,0.491200805,0.448532224,0.4898009,0.435177803,0.691353858,0.414970696,0.656793237,0.494682342,0.843337238,0.404089034,0.821125746
0.38620466,0.145379528,0.435846001,0.211798191,0.458961815,0.207386062,0.4340671,0.343787014,0.439543039,0.344102919,0.399826586,0.43730998,0.409512967,0.434292495,0.438386858,0.493180096,0.443777174,0.486819655,0.440112978,0.6889745,0.41708672,0.652893901,0.494754046,0.841645241,0.415215999,0.824331224
0.387504578,0.148079336,0.418684244,0.211391717,0.481523007,0.208221614,0.370187014,0.331218928,0.524088383,0.355940968,0.296314269,0.387822419,0.539450824,0.46788615,0.428910702,0.498109907,0.449589163,0.491755903,0.447201282,0.693137586,0.400083035,0.650505185,0.516850829,0.848696291,0.382587671,0.817251444
0.388102382,0.14792788,0.419376582,0.211480811,0.4825086,0.207139716,0.368961573,0.331555367,0.528677046,0.355724514,0.294069886,0.38588506,0.5536533,0.468942702,0.430419147,0.497158229,0.450972408,0.489661872,0.444271028,0.692947567,0.403621674,0.647766948,0.512432277,0.84629631,0.387233377,0.816143334
0.389170229,0.147646904,0.419980139,0.211755782,0.484732747,0.206633687,0.368726403,0.33216992,0.53249383,0.355524004,0.293868929,0.384790897,0.558288693,0.467895746,0.431259364,0.498015255,0.452484041,0.489643514,0.446959138,0.69304657,0.399811387,0.648152113,0.516987801,0.851055562,0.37675789,0.81528908
0.389889836,0.14639838,0.420855314,0.213067666,0.486329675,0.20661287,0.371143818,0.333286643,0.535189986,0.35526973,0.294484437,0.386167228,0.560581386,0.466886789,0.431555837,0.49694714,0.453087658,0.48818177,0.449850917,0.692434311,0.398765504,0.647458017,0.519842446,0.850892961,0.375462323,0.81453681
0.389903486,0.145464912,0.420439988,0.212937802,0.48629424,0.206578672,0.370815247,0.333270401,0.535044014,0.354867965,0.294577569,0.385838717,0.560509443,0.466595948,0.430943221,0.497266263,0.453037113,0.488308758,0.4495323,0.692521095,0.401039153,0.647611439,0.517534196,0.85024339,0.380263865,0.814467788
0.38993755,0.145172775,0.420242846,0.213052303,0.486280888,0.206553385,0.370714784,0.333352387,0.534722924,0.354772836,0.294565946,0.385948986,0.560352385,0.466284335,0.430958092,0.497560143,0.453316152,0.488698244,0.449553609,0.692473471,0.401453346,0.648060083,0.517299235,0.849857748,0.380274743,0.814788759
0.389802009,0.14527148,0.419943511,0.213048205,0.486467451,0.206337139,0.370047122,0.333788902,0.534856975,0.354591459,0.294386685,0.385973752,0.560465157,0.465946406,0.43115899,0.497002333,0.453724295,0.48802796,0.451636016,0.691611707,0.401536316,0.647681177,0.519645035,0.850211024,0.378306031,0.814059675
0.390123814,0.145210102,0.419914216,0.212931603,0.486529797,0.206364706,0.369942158,0.33368668,0.534839869,0.354598075,0.29434219,0.385840446,0.560463727,0.465979099,0.431130111,0.496901691,0.453707486,0.488025725,0.450662196,0.691758156,0.401180446,0.647565246,0.519653976,0.84966737,0.378467649,0.814059436
0.390070736,0.14478749,0.419787079,0.212866828,0.486413032,0.206896424,0.369939774,0.333658576,0.534765303,0.355020374,0.294550389,0.385597944,0.560499191,0.46718958,0.431093067,0.496999055,0.453563422,0.48832193,0.450540841,0.692425787,0.401037633,0.647464991,0.519766986,0.849633455,0.378858596,0.814139545
0.389995128,0.144768417,0.419565439,0.212772354,0.487410039,0.206840113,0.369949251,0.333590209,0.535420239,0.35487166,0.294521302,0.385336518,0.560523808,0.467121512,0.430938482,0.496816248,0.455338776,0.488189459,0.446021944,0.692152441,0.411903322,0.649285674,0.507867038,0.849158049,0.399053872,0.818480074
0.389993548,0.144748822,0.419578463,0.212771192,0.487374216,0.207012713,0.37025398,0.332631558,0.535422981,0.355548382,0.294717163,0.384896725,0.56051439,0.468191475,0.430937588,0.496991575,0.4551875,0.48839885,0.447968721,0.692087591,0.40635711,0.64914,0.516764581,0.849261642,0.385531187,0.817111015
0.389675677,0.143436313,0.420816571,0.21041292,0.486079663,0.207389995,0.373770177,0.330481172,0.533830583,0.356324434,0.297851831,0.382026523,0.559548378,0.472755015,0.430604756,0.494936049,0.453547657,0.48862341,0.449696869,0.691334128,0.408107758,0.649856865,0.520553052,0.847451091,0.392234445,0.816366196
0.389694959,0.14297089,0.420773953,0.210495666,0.486119598,0.207200557,0.372578621,0.330484778,0.533764184,0.356238127,0.296767741,0.381164581,0.559596002,0.47213757,0.430637121,0.495295256,0.453555226,0.488648683,0.449908763,0.691315889,0.4069359,0.64981544,0.520035267,0.847885609,0.388664424,0.816328943
0.389696717,0.142907143,0.421010345,0.210468993,0.486276269,0.206914648,0.372411579,0.330385596,0.533767223,0.356507033,0.295347869,0.380134821,0.559623063,0.474064976,0.4302558,0.496480793,0.453459442,0.489511341,0.448248237,0.69140774,0.406883061,0.650624216,0.515374422,0.847544253,0.390956908,0.817109764
0.389839381,0.14291428,0.421148658,0.210368469,0.486782819,0.207094416,0.371600628,0.330310434,0.533722878,0.357011199,0.295177847,0.379840791,0.559945703,0.475159585,0.430613786,0.495737523,0.454743683,0.489054352,0.447612613,0.690996885,0.412737161,0.651583076,0.504959404,0.84726584,0.398652345,0.816765606
